city,country,date,lat,lng,temp,max temp,humidity,cloudiness,wind_speed_mph
mataura,NZ,1620175024,-46.1927,168.8643,57.99,57.99,52,9,5.01
msowero,TZ,1620175025,-6.5333,37.2,69.33,69.33,91,100,4.36
hilo,US,1620174797,19.7297,-155.09,75.78,82.4,57,20,10.36
saskylakh,RU,1620175026,71.9167,114.0833,29.82,29.82,93,100,8.7
nikolskoye,RU,1620175026,59.7035,30.7861,35.2,35.6,93,75,4.47
marzuq,YE,1620175027,14.4,46.4667,74.34,74.34,64,93,3.56
kutum,SD,1620174734,14.2,24.6667,76.86,76.86,34,13,5.7
gazanjyk,TM,1620175028,39.2446,55.5154,63.86,63.86,64,98,6.06
teeli,RU,1620175029,51.0333,90.2333,41.7,41.7,46,37,4.23
esperance,AU,1620175029,-33.8667,121.9,59.0,59.0,100,90,16.11
chokurdakh,RU,1620175030,70.6333,147.9167,31.5,31.5,97,100,5.28
jamestown,US,1620174822,42.097,-79.2353,58.19,60.01,94,90,8.05
ubinskoye,RU,1620175031,55.3068,79.6802,46.27,46.27,54,100,12.5
constitucion,CL,1620175031,-35.3333,-72.4167,55.45,55.45,86,3,3.6
arraial do cabo,BR,1620175032,-22.9661,-42.0278,71.6,71.6,86,0,4.61
ushuaia,AR,1620175033,-54.8,-68.3,42.8,42.8,87,40,28.77
kawalu,ID,1620175033,-7.3817,108.2082,78.51,78.51,82,89,0.63
hambantota,LK,1620175034,6.1241,81.1185,73.4,73.4,100,20,1.14
cape town,ZA,1620174945,-33.9258,18.4232,57.78,60.01,94,75,9.22
provideniya,RU,1620175035,64.3833,-173.3,32.0,32.0,69,0,2.24
goderich,CA,1620174891,43.7501,-81.7165,42.8,42.8,93,100,13.8
luis correia,BR,1620175037,-2.8792,-41.6669,75.4,75.4,91,100,10.71
punta arenas,CL,1620174923,-53.15,-70.9167,46.2,46.4,81,0,23.02
thompson,CA,1620175025,55.7435,-97.8558,37.4,37.4,56,90,8.05
hobart,AU,1620175038,-42.8794,147.3294,57.78,61.0,67,20,5.75
kruisfontein,ZA,1620175012,-34.0033,24.7314,64.0,64.0,89,90,1.99
tarata,BO,1620175039,-17.6167,-66.0167,65.91,68.0,32,11,16.11
tasiilaq,GL,1620175040,65.6145,-37.6368,24.8,24.8,86,2,9.22
bonavista,CA,1620175040,48.6499,-53.1147,42.8,42.8,65,31,5.75
berestechko,UA,1620175041,50.3605,25.1107,48.0,48.0,66,94,4.0
caravelas,BR,1620175042,-17.7125,-39.2481,73.29,73.29,85,0,5.17
nioro,GM,1620174968,13.35,-15.75,79.07,79.07,34,52,9.64
mar del plata,AR,1620174987,-38.0023,-57.5575,52.81,54.0,76,40,9.22
tuatapere,NZ,1620175043,-46.1333,167.6833,57.99,57.99,52,9,5.01
puerto ayora,EC,1620175044,-0.7393,-90.3518,75.99,75.99,91,18,7.87
half moon bay,US,1620175044,37.4636,-122.4286,57.7,64.4,76,1,11.5
upernavik,GL,1620175045,72.7868,-56.1549,21.09,21.09,83,11,5.88
atuona,PF,1620174805,-9.8,-139.0333,80.19,80.19,77,21,16.71
lasa,IT,1620175046,46.6166,10.7002,46.33,52.0,81,75,5.75
weligama,LK,1620175047,5.9667,80.4167,77.38,77.38,87,100,3.76
iquique,CL,1620175047,-20.2208,-70.1431,64.4,64.4,77,0,12.66
albany,US,1620174908,42.6001,-73.9662,57.88,59.0,82,90,6.91
rock springs,US,1620175048,41.5875,-109.2029,53.26,53.6,26,75,16.11
rikitea,PF,1620175049,-23.1203,-134.9692,78.4,78.4,80,100,9.66
fort nelson,CA,1620175050,58.8053,-122.7002,51.8,51.8,71,75,6.91
longyearbyen,SJ,1620175050,78.2186,15.6401,26.6,26.6,86,75,4.61
scottsbluff,US,1620175051,41.8666,-103.6672,57.4,59.0,44,20,8.05
marsaxlokk,MT,1620175052,35.8419,14.5431,62.76,63.0,82,0,6.91
villeneuve-sur-lot,FR,1620175052,44.5,0.6667,55.8,57.2,72,90,6.91
bredasdorp,ZA,1620175053,-34.5322,20.0403,60.8,60.8,94,99,6.91
cabedelo,BR,1620175054,-6.9811,-34.8339,73.4,73.4,100,0,3.44
kalmunai,LK,1620175054,7.4167,81.8167,79.81,79.81,80,100,3.31
talnakh,RU,1620175031,69.4865,88.3972,25.66,25.66,93,100,10.22
busselton,AU,1620174799,-33.65,115.3333,58.23,59.0,98,100,1.01
husavik,IS,1620175056,66.0449,-17.3389,30.2,30.2,74,0,2.3
juneau,US,1620174924,58.3019,-134.4197,39.2,44.6,81,90,8.05
kihei,US,1620175057,20.785,-156.4656,74.08,82.4,61,20,21.85
divo,CI,1620175057,5.8397,-5.36,74.3,74.3,93,100,3.76
aklavik,CA,1620175058,68.2191,-135.0107,29.25,30.2,69,100,8.05
kavaratti,IN,1620174829,10.5669,72.642,84.36,84.36,72,34,3.51
camana,PE,1620175059,-16.6228,-72.7111,68.07,68.07,83,100,8.34
richards bay,ZA,1620174763,-28.783,32.0377,60.96,60.96,86,0,5.28
lumphat,KH,1620175060,13.4878,106.9816,86.32,86.32,55,98,8.37
palmer,US,1620175061,42.1584,-72.3287,54.64,57.2,72,90,10.36
kudahuvadhoo,MV,1620175061,2.6708,72.8944,83.97,83.97,69,99,1.23
lorengau,PG,1620175062,-2.0226,147.2712,85.64,85.64,62,6,2.01
katsuura,JP,1620175063,35.1333,140.3,69.01,69.8,73,75,17.27
murray bridge,AU,1620175063,-35.1167,139.2667,53.04,55.99,71,100,6.58
diego de almagro,CL,1620175064,-26.3667,-70.05,57.2,57.2,54,0,2.48
hermanus,ZA,1620175065,-34.4187,19.2345,64.99,64.99,87,67,3.8
hithadhoo,MV,1620175065,-0.6,73.0833,83.61,83.61,67,15,4.03
faanui,PF,1620175066,-16.4833,-151.75,82.62,82.62,76,29,13.78
ribeira grande,PT,1620174921,38.5167,-28.7,63.09,63.09,90,100,8.21
shirokiy,RU,1620175067,49.758,129.523,53.98,53.98,65,34,14.52
mackay,AU,1620174917,-21.15,149.2,79.68,81.0,73,0,2.3
voyvozh,RU,1620175068,62.892,54.9635,35.08,35.08,98,100,2.24
winnemucca,US,1620175069,40.973,-117.7357,73.4,73.4,14,1,13.8
mnogovershinnyy,RU,1620175069,53.9353,139.9242,38.8,38.8,42,88,8.77
micheweni,TZ,1620175070,-4.9667,39.8333,79.21,79.21,76,100,19.3
belyy yar,RU,1620175071,53.6039,91.3903,33.8,33.8,69,0,6.71
nelson bay,AU,1620175071,-32.7167,152.15,59.63,60.01,100,75,6.91
ballina,AU,1620175072,-28.8667,153.5667,60.19,62.6,82,100,12.66
arica,CL,1620175072,-18.475,-70.3042,66.2,66.2,77,0,3.44
vila franca do campo,PT,1620175073,37.7167,-25.4333,59.0,59.0,88,20,4.61
salalah,OM,1620175074,17.0151,54.0924,84.2,84.2,79,20,4.61
reconquista,AR,1620175074,-29.15,-59.65,53.37,53.37,80,100,17.58
barrow,US,1620175001,71.2906,-156.7887,17.6,17.6,73,90,9.22
khatanga,RU,1620175075,71.9667,102.5,32.79,32.79,97,100,4.9
petropavlovsk-kamchatskiy,RU,1620175076,53.0452,158.6483,51.8,51.8,37,17,15.66
port alfred,ZA,1620175077,-33.5906,26.891,65.95,65.95,70,8,6.8
pisco,PE,1620174993,-13.7,-76.2167,68.0,68.0,83,0,14.97
pitimbu,BR,1620175078,-7.4706,-34.8086,73.4,73.4,100,0,3.44
marawi,PH,1620175078,7.9986,124.2928,84.99,84.99,73,100,1.99
bengkulu,ID,1620175079,-3.8004,102.2655,78.46,78.46,87,98,5.66
cockburn town,TC,1620175080,21.4612,-71.1419,78.8,78.8,73,40,12.66
dhrol,IN,1620175080,22.5667,70.4167,84.0,84.0,100,0,11.74
tabou,CI,1620175081,4.423,-7.3528,78.13,78.13,88,87,8.77
port hedland,AU,1620175081,-20.3167,118.5667,73.4,73.4,100,75,11.5
kodiak,US,1620175082,57.79,-152.4072,44.6,44.6,65,40,21.85
rawson,AR,1620175083,-43.3002,-65.1023,49.03,49.03,44,18,9.35
yarmouth,US,1620175084,41.7057,-70.2286,47.68,48.99,93,90,9.22
ulaangom,MN,1620175084,49.9811,92.0667,44.01,44.01,39,26,9.44
castro,BR,1620175085,-24.7911,-50.0119,60.62,60.62,63,98,3.0
boa vista,BR,1620175086,2.8197,-60.6733,78.8,78.8,83,20,2.3
kamiiso,JP,1620175086,41.8167,140.65,59.0,59.0,63,75,8.05
inuvik,CA,1620175087,68.3499,-133.7218,29.28,30.2,69,35,8.05
tiksi,RU,1620175088,71.6872,128.8694,29.91,29.91,90,100,10.07
antalaha,MG,1620175088,-14.9003,50.2788,74.64,74.64,87,1,3.33
tilichiki,RU,1620174790,60.4667,166.1,25.12,25.12,79,51,10.83
ray,IN,1620175089,23.6833,85.05,69.8,69.8,88,40,6.82
imperial,US,1620174919,33.0334,-115.4175,94.28,96.8,7,1,6.91
isangel,VU,1620175091,-19.55,169.2667,82.4,82.4,78,20,5.75
hollins,US,1620175091,37.3413,-79.9431,72.1,75.2,60,40,9.22
guerrero negro,MX,1620174867,27.9769,-114.0611,64.94,64.94,70,0,16.75
kunming,CN,1620175092,25.0389,102.7183,59.0,59.0,82,75,6.71
bethel,US,1620175093,41.3712,-73.414,58.98,60.8,72,90,4.61
sungaipenuh,ID,1620175094,-2.0833,101.3833,69.35,69.35,90,92,0.45
batouri,CM,1620175094,4.4333,14.3667,67.26,67.26,98,83,2.33
bluff,NZ,1620175095,-46.6,168.3333,57.99,57.99,52,7,5.01
lata,PT,1620175096,40.1629,-8.3327,52.93,57.0,90,97,4.0
ponta do sol,PT,1620175096,32.6667,-17.1,53.53,57.99,54,3,8.01
codrington,AU,1620175097,-38.2667,141.9667,59.67,59.67,65,35,9.17
wanaka,NZ,1620174822,-44.7,169.15,60.19,60.19,64,25,7.56
pevek,RU,1620175098,69.7008,170.3133,30.7,30.7,68,100,15.61
new norfolk,AU,1620174896,-42.7826,147.0587,55.56,61.0,78,45,3.0
korcula,HR,1620175099,42.9622,17.1369,57.09,57.2,67,0,2.3
kapaa,US,1620174806,22.0752,-159.319,78.39,80.6,69,1,14.97
czluchow,PL,1620175100,53.6672,17.3588,46.0,46.0,81,40,5.99
luderitz,NA,1620175101,-26.6481,15.1594,62.29,62.29,81,8,11.77
victoria,HK,1620175023,22.2855,114.1577,77.31,80.01,80,100,1.01
merauke,ID,1620175102,-8.4667,140.3333,84.22,84.22,69,35,13.51
georgetown,MY,1620175103,5.4112,100.3354,78.78,80.01,94,20,5.01
koboko,UG,1620175103,3.4136,30.9599,62.24,62.24,93,32,4.32
tambovka,RU,1620175104,50.0969,128.0489,44.6,44.6,93,40,8.95
itarema,BR,1620175105,-2.9248,-39.9167,75.99,75.99,88,100,2.39
midland,US,1620174818,31.9974,-102.0779,69.85,72.0,40,1,5.79
mareeba,AU,1620175106,-17.0,145.4333,79.79,84.0,69,0,5.75
narsaq,GL,1620175106,60.9167,-46.05,46.4,46.4,27,75,33.38
cidreira,BR,1620175107,-30.1811,-50.2056,66.2,66.2,91,100,13.29
dikson,RU,1620175108,73.5069,80.5464,21.22,21.22,96,97,8.86
nueva concepcion,GT,1620175108,14.2,-91.3,76.23,84.2,94,90,6.91
vaini,TO,1620175109,-21.2,-175.2,78.8,78.8,78,90,12.66
gonen,TR,1620175110,40.1049,27.654,56.44,57.2,82,0,9.22
praia da vitoria,PT,1620175110,38.7333,-27.0667,64.83,66.2,77,75,4.92
prince rupert,CA,1620175111,54.3161,-130.3201,48.88,50.0,76,90,4.61
akureyri,IS,1620175111,65.6835,-18.0878,30.2,30.2,74,0,2.3
port elizabeth,ZA,1620175112,-33.918,25.5701,66.2,66.2,88,0,8.05
bandarbeyla,SO,1620175113,9.4942,50.8122,83.07,83.07,71,93,2.46
mahebourg,MU,1620175113,-20.4081,57.7,75.2,75.2,94,40,4.61
saint-philippe,RE,1620175114,-21.3585,55.7679,71.26,75.2,94,90,5.75
finschhafen,PG,1620175115,-6.6024,147.8681,85.17,85.17,69,100,9.93
bharatpur,IN,1620175115,27.2167,77.4833,87.48,87.48,23,6,4.41
shangrao,CN,1620175116,28.4532,117.9686,71.29,71.29,69,4,10.6
tuktoyaktuk,CA,1620175117,69.4541,-133.0374,21.2,21.2,86,90,5.75
arona,ES,1620175117,28.0996,-16.681,61.92,66.2,55,75,6.91
kaitangata,NZ,1620175118,-46.2817,169.8464,57.16,57.16,61,9,6.73
ensenada,MX,1620175119,31.8667,-116.6167,68.0,68.0,76,98,1.01
wyndham,US,1620175119,37.6985,-77.6125,69.08,71.01,94,1,6.26
torbay,CA,1620175120,47.6666,-52.7314,42.24,42.8,65,75,10.36
linxia,CN,1620175121,35.6003,103.2064,49.84,49.84,45,3,1.54
bilibino,RU,1620175121,68.0546,166.4372,23.22,23.22,70,6,3.24
klaksvik,FO,1620175122,62.2266,-6.589,33.8,33.8,93,75,23.02
bam,IR,1620175122,29.106,58.357,68.2,68.2,46,0,3.02
aksarka,RU,1620175123,66.5606,67.7975,19.54,19.54,94,100,7.09
vestmannaeyjar,IS,1620174991,63.4427,-20.2734,38.8,38.8,61,9,2.71
playa vicente,MX,1620175114,17.8333,-95.8167,88.61,88.61,48,100,10.2
saint-leu,RE,1620175125,-21.15,55.2833,71.6,75.2,94,90,5.75
bagdarin,RU,1620174995,54.4333,113.6,43.36,43.36,40,0,5.84
emba,KZ,1620175126,48.8264,58.1442,55.94,55.94,37,3,0.47
saint-pierre,RE,1620175126,-21.3393,55.4781,70.88,75.2,94,90,5.75
sakakah,SA,1620175127,29.9697,40.2064,80.6,80.6,14,0,13.8
kemin,KG,1620175128,42.7846,75.6892,62.55,62.55,48,5,8.72
hasaki,JP,1620175128,35.7333,140.8333,69.62,70.0,60,75,18.41
east london,ZA,1620175129,-33.0153,27.9116,65.97,65.97,59,9,3.06
yellowknife,CA,1620175129,62.456,-114.3525,41.0,41.0,30,20,10.36
ust-omchug,RU,1620175130,61.15,149.6333,35.08,35.08,78,57,3.22
saint george,US,1620175029,37.1041,-113.5841,83.21,84.0,11,1,9.22
port blair,IN,1620175131,11.6667,92.75,78.8,78.8,89,40,3.0
obo,CF,1620175132,5.3998,26.4869,67.91,67.91,96,100,0.58
am timan,TD,1620175132,11.0297,20.2827,85.32,85.32,43,100,8.61
ostrovnoy,RU,1620175133,68.0531,39.5131,28.09,28.09,85,96,11.86
jumla,NP,1620175134,29.2747,82.1838,52.59,52.59,85,66,1.07
tshane,BW,1620175134,-24.0196,21.8684,57.09,57.09,42,0,6.98
troitsko-pechorsk,RU,1620175135,62.7084,56.1964,38.32,38.32,99,100,1.97
neuquen,AR,1620175135,-38.9516,-68.0591,46.4,46.4,71,0,7.54
pangnirtung,CA,1620175136,66.1451,-65.7125,21.43,21.43,91,23,4.43
kanniyakumari,IN,1620175137,8.0833,77.5667,82.4,82.4,76,100,4.16
cherskiy,RU,1620175137,68.75,161.3,31.24,31.24,72,7,11.81
luchegorsk,RU,1620175138,46.4764,134.2569,43.66,43.66,94,100,8.57
devils lake,US,1620175139,48.1128,-98.8651,51.39,51.8,28,1,8.05
winchester,GB,1620175139,51.0651,-1.3187,41.0,41.0,75,20,11.5
yugorsk,RU,1620175140,61.3133,63.3319,40.32,40.32,99,100,4.34
chuy,UY,1620175140,-33.6971,-53.4616,57.99,57.99,58,100,10.31
ewo,CG,1620175141,-0.8725,14.8206,73.36,73.36,91,100,6.33
pedernales,DO,1620175142,18.0384,-71.744,79.34,79.34,72,56,6.24
shenjiamen,CN,1620175143,29.9576,122.298,63.16,63.16,69,10,8.37
airai,TL,1620174951,-8.9266,125.4092,66.92,66.92,76,98,4.27
semnan,IR,1620175144,35.5729,53.3971,61.09,61.09,74,54,2.04
sirnak,TR,1620174882,37.5228,42.4594,66.2,66.2,59,40,8.05
jinchang,CN,1620175145,38.4953,102.1739,57.31,57.31,8,95,7.47
qaanaaq,GL,1620175146,77.484,-69.3632,24.08,24.08,70,100,6.06
clyde river,CA,1620175146,70.4692,-68.5914,26.6,26.6,86,1,17.27
tiznit,MA,1620175147,29.5833,-9.5,58.12,58.12,92,100,8.32
zaltan,LY,1620175148,32.947,11.8665,70.38,70.38,61,100,8.1
stornoway,GB,1620175148,58.2093,-6.3865,37.24,37.4,81,20,9.22
ushtobe,KZ,1620175149,45.2514,77.9838,57.42,57.42,39,7,12.35
gigmoto,PH,1620175150,13.7796,124.39,82.96,82.96,81,18,10.22
avarua,CK,1620175150,-21.2078,-159.775,80.6,80.6,69,75,10.36
komsomolskiy,UZ,1620175151,40.4272,71.7189,71.6,71.6,43,100,1.59
makakilo city,US,1620175152,21.3469,-158.0858,80.62,84.2,83,90,10.36
coquimbo,CL,1620175153,-29.9533,-71.3436,62.6,62.6,72,0,2.3
ranong,TH,1620175153,9.9658,98.6348,77.0,77.0,100,40,4.61
plouzane,FR,1620175154,48.3833,-4.6167,43.97,46.4,75,75,6.91
carnarvon,AU,1620175155,-24.8667,113.6333,64.4,64.4,100,75,8.05
beloha,MG,1620175156,-25.1667,45.05,64.45,64.45,80,1,7.23
san ramon de la nueva oran,AR,1620175156,-23.1322,-64.326,57.0,57.0,92,100,1.99
palauig,PH,1620175157,15.435,119.9045,88.12,88.12,57,75,3.13
cabo san lucas,MX,1620175158,22.8909,-109.9124,78.01,81.0,43,1,10.36
vao,NC,1620175159,-22.6667,167.4833,73.85,73.85,78,34,13.22
mingrelskaya,RU,1620175159,45.0134,38.3379,42.96,45.0,77,0,2.55
rundu,NA,1620175160,-17.9333,19.7667,61.9,61.9,54,10,6.35
tommot,RU,1620175160,58.9564,126.2925,40.55,40.55,94,100,4.79
aripuana,BR,1620175161,-9.1667,-60.6333,74.77,74.77,94,86,1.23
maturin,VE,1620175162,9.75,-63.1767,73.92,73.92,94,100,5.55
antofagasta,CL,1620175162,-23.65,-70.4,60.8,60.8,82,20,8.05
oneonta,US,1620175163,42.4529,-75.0638,62.38,63.0,82,100,6.64
taltal,CL,1620175163,-25.4,-70.4833,63.23,63.23,74,0,6.93
asau,RO,1620174927,46.4333,26.4,43.0,43.0,47,8,5.5
pizarro,CO,1620175165,4.9533,-77.366,77.41,77.41,87,100,7.23
leh,IN,1620175165,34.1667,77.5833,41.88,41.88,82,100,2.64
chapais,CA,1620175166,49.7834,-74.8492,48.2,48.2,46,90,6.91
misratah,LY,1620175166,32.3754,15.0925,66.45,66.45,72,100,8.97
port-cartier,CA,1620174945,50.0334,-66.8654,44.38,44.6,57,75,3.44
touros,BR,1620175167,-5.1989,-35.4608,75.2,75.2,94,0,2.3
loukhi,RU,1620175168,66.0764,33.0381,29.01,29.01,96,100,6.4
sovetskiy,RU,1620175169,61.3614,63.5842,40.39,40.39,99,100,4.23
alta floresta,BR,1620175169,-9.8756,-56.0861,72.84,72.84,79,7,3.09
dongsheng,CN,1620175170,39.8161,109.9776,54.43,54.43,14,0,21.07
ifo,NG,1620175171,6.8144,3.1958,80.6,80.6,89,20,3.29
iqaluit,CA,1620175171,63.7506,-68.5145,32.0,32.0,86,75,2.3
svetlogorsk,BY,1620175172,52.6333,29.7333,41.85,41.85,71,100,11.54
samaipata,BO,1620175173,-18.15,-63.8667,56.8,56.8,94,100,1.43
high level,CA,1620175173,58.5169,-117.136,59.0,59.0,29,40,3.44
tairua,NZ,1620175174,-37.0167,175.85,66.0,66.0,65,16,3.0
los llanos de aridane,ES,1620175174,28.6585,-17.9182,60.66,68.0,56,75,16.11
gat,IL,1620175175,31.61,34.7642,71.37,75.0,27,100,5.01
albacete,ES,1620175176,38.8333,-2.0,44.6,44.6,81,0,3.44
springfield,US,1620175036,37.2153,-93.2982,50.81,51.01,87,80,1.01
vila velha,BR,1620175177,-20.3297,-40.2925,71.6,71.6,94,40,3.44
coihaique,CL,1620175179,-45.5752,-72.0662,33.8,33.8,93,0,3.44
ponta delgada,PT,1620175004,37.7333,-25.6667,59.0,59.0,88,20,4.61
faya,SA,1620175180,18.3851,42.4509,61.7,62.6,48,0,3.8
beaufort,MY,1620175180,5.3473,115.7455,86.0,86.0,70,20,11.5
calama,CL,1620175181,-22.4667,-68.9333,57.2,57.2,44,0,9.22
eidfjord,NO,1620175182,60.4675,7.0719,29.16,30.0,80,100,6.42
tecoanapa,MX,1620175183,16.5167,-98.75,81.75,81.75,60,62,6.22
naryan-mar,RU,1620175183,67.6713,53.087,29.39,29.39,77,100,13.31
lebu,CL,1620175184,-37.6167,-73.65,53.67,53.67,78,5,1.59
coahuayana,MX,1620175185,18.7333,-103.6833,80.6,80.6,39,1,11.5
penha,BR,1620175185,-26.7694,-48.6458,71.6,71.6,94,0,2.3
san cristobal,VE,1620175186,7.7669,-72.225,80.6,80.6,74,40,4.61
butaritari,KI,1620175187,3.0707,172.7902,83.91,83.91,76,100,18.01
ruzhyn,UA,1620175187,49.7228,29.2046,42.12,42.12,73,100,10.04
bria,CF,1620175188,6.5423,21.9863,69.12,69.12,94,83,3.09
kavieng,PG,1620175189,-2.5744,150.7967,84.67,84.67,69,8,0.22
koumra,TD,1620174984,8.9126,17.5539,79.41,79.41,61,100,5.61
roma,US,1620175190,43.2128,-75.4557,58.12,59.0,82,75,11.5
fairbanks,US,1620174914,64.8378,-147.7164,56.26,59.0,33,90,5.75
whitehorse,CA,1620175191,60.7161,-135.0538,47.61,48.2,37,75,17.27
erzin,TR,1620175192,36.9559,36.2,66.99,66.99,91,100,0.92
aswan,EG,1620175193,24.0934,32.907,84.36,84.36,16,0,7.52
mata,PT,1620175194,40.683,-7.4592,48.99,48.99,90,100,4.0
bambous virieux,MU,1620175194,-20.3428,57.7575,75.58,75.99,94,40,4.61
souillac,MU,1620175195,-20.5167,57.5167,75.2,75.2,94,40,4.61
mayumba,GA,1620175196,-3.432,10.6554,77.04,77.04,88,100,1.01
skjervoy,NO,1620174967,70.0311,20.9714,30.92,30.92,65,4,13.35
moerai,PF,1620175197,-22.4333,-151.3333,75.87,75.87,75,100,16.93
acari,PE,1620175197,-15.4311,-74.6158,71.01,71.01,76,100,3.18
svetlaya,RU,1620175198,46.5389,138.3297,39.29,39.29,96,100,6.73
vardo,NO,1620175199,70.3705,31.1107,33.66,33.66,73,100,11.7
shibetsu,JP,1620175200,43.659,145.132,51.8,51.8,58,75,14.97
westport,US,1620175201,41.1415,-73.3579,56.41,57.99,82,90,9.22
raga,SS,1620175202,8.4596,25.678,73.58,73.58,77,94,4.59
maragogi,BR,1620175103,-9.0122,-35.2225,75.81,75.81,84,19,2.01
norman wells,CA,1620175203,65.282,-126.8329,42.8,42.8,56,75,8.05
kyra,RU,1620175204,49.5776,111.9753,42.69,42.69,50,100,5.32
sikasso,ML,1620175205,10.9167,-7.0,84.04,84.04,53,93,9.71
pozo colorado,PY,1620175206,-23.4923,-58.7972,78.51,78.51,63,100,2.95
marang,MY,1620175206,5.2056,103.2059,77.0,77.0,100,20,3.44
leningradskiy,RU,1620175207,69.3833,178.4167,26.58,26.58,75,51,6.38
hami,CN,1620175208,42.8,93.45,62.15,62.15,9,0,3.29
mae sot,TH,1620175208,16.7167,98.5667,78.8,78.8,83,20,0.65
armidale,AU,1620175209,-30.5167,151.65,46.0,46.0,95,100,1.01
mount gambier,AU,1620174925,-37.8333,140.7667,59.0,59.0,72,40,8.05
banjar,ID,1620175210,-8.19,114.9675,80.6,80.6,83,20,4.61
ostrow wielkopolski,PL,1620175211,51.655,17.8069,45.72,45.72,84,41,12.15
ketchikan,US,1620175212,55.3422,-131.6461,51.8,51.8,62,20,11.5
nome,US,1620175212,64.5011,-165.4064,35.85,37.0,51,1,4.61
nanortalik,GL,1620175213,60.1432,-45.2371,38.64,38.64,68,100,12.95
oranjemund,NA,1620175214,-28.55,16.4333,59.27,59.27,91,84,2.84
kindu,CD,1620175214,-2.95,25.95,70.21,70.21,99,100,1.68
oliver,CA,1620175096,49.1831,-119.5524,68.07,69.8,19,12,6.91
padang,ID,1620175216,-0.9492,100.3543,75.2,75.2,94,20,3.44
tanda,IN,1620175216,26.55,82.65,79.2,79.2,60,52,14.09
luanda,AO,1620175217,-8.8368,13.2343,78.8,78.8,83,75,3.44
cananeia,BR,1620175218,-25.0147,-47.9267,69.78,69.78,79,5,3.89
margate,GB,1620175218,51.3813,1.3862,42.26,44.01,65,34,5.01
puerto del rosario,ES,1620175219,28.5004,-13.8627,66.2,66.2,55,0,12.66
aksu,CN,1620175220,41.1231,80.2644,63.86,63.86,16,3,3.22
manicore,BR,1620175220,-5.8092,-61.3003,77.0,77.0,94,0,2.3
monster,NL,1620175221,52.0258,4.175,44.82,45.0,81,90,13.8
tucuma,BR,1620175222,-0.1833,-50.05,75.92,75.92,89,100,3.89
severo-kurilsk,RU,1620175222,50.6789,156.125,35.91,35.91,93,39,10.83
zhezkazgan,KZ,1620175223,47.8043,67.7144,58.78,58.78,29,100,12.12
poladpur,IN,1620175224,17.9802,73.466,80.8,80.8,70,0,0.83
la asuncion,VE,1620175225,11.0333,-63.8628,78.8,78.8,89,100,14.97
baoqing,CN,1620175226,46.3317,132.2111,48.02,48.02,78,100,8.75
kenai,US,1620175226,60.5544,-151.2583,46.4,46.4,53,20,12.66
horki,BY,1620175227,54.2861,30.9842,36.0,36.0,92,78,8.66
porto novo,BJ,1620175228,6.4965,2.6036,80.6,80.6,89,40,1.14
camapua,BR,1620175229,-19.5314,-54.0439,71.22,71.22,31,61,5.08
seguela,CI,1620175229,7.9611,-6.6731,73.99,73.99,86,100,5.17
nanakuli,US,1620175230,21.3906,-158.1547,79.83,82.0,83,90,10.36
wangkui,CN,1620175230,46.8333,126.5,57.22,57.22,30,9,12.71
sisimiut,GL,1620175231,66.9395,-53.6735,33.58,33.58,84,6,7.23
mao,ES,1620175232,39.8885,4.2658,53.6,53.6,94,0,5.75
muros,ES,1620175233,42.7762,-9.0603,57.78,59.0,84,62,1.92
paragominas,BR,1620175233,-2.9667,-47.4833,73.15,73.15,96,100,1.3
pouembout,NC,1620175234,-21.1333,164.9,81.28,81.28,63,21,1.21
saint-louis,SN,1620175235,16.3333,-15.0,82.4,82.4,36,21,4.61
marshfield,US,1620175236,44.6689,-90.1718,53.6,53.6,37,75,14.97
podosinovets,RU,1620175236,60.2776,47.0659,39.06,39.06,93,100,7.16
dingle,PH,1620175237,10.9995,122.6711,86.85,86.85,64,81,15.64
kajiado,KE,1620175237,-1.8524,36.7768,64.4,64.4,88,75,5.75
asmara,ER,1620175238,15.3333,38.9333,58.21,58.21,62,100,2.77
san patricio,US,1620175239,28.017,-97.5169,83.62,84.2,65,40,10.36
buctzotz,MX,1620175240,21.2,-88.7833,85.98,85.98,55,0,13.53
barcelona,ES,1620175193,41.3888,2.159,56.48,59.0,94,0,4.61
noormarkku,FI,1620175241,61.5927,21.8685,37.4,37.4,70,0,8.05
yulara,AU,1620175242,-25.2406,130.9889,62.6,62.6,55,100,13.8
kampong thum,KH,1620175243,12.7111,104.8887,86.04,86.04,64,100,5.28
carlos barbosa,BR,1620175243,-29.2975,-51.5036,65.57,69.01,96,100,4.52
makurdi,NG,1620175244,7.7411,8.5121,75.25,75.25,84,100,3.0
dois vizinhos,BR,1620175245,-25.7336,-53.0572,64.92,64.92,63,6,1.7
basco,PH,1620175245,20.4487,121.9702,81.01,81.01,84,100,14.76
breves,BR,1620175246,-1.6822,-50.4803,74.37,74.37,96,100,2.57
tura,IN,1620175247,25.5198,90.2201,73.24,73.24,80,100,2.42
sao filipe,CV,1620175247,14.8961,-24.4956,71.55,71.55,74,2,10.2
mananara,MG,1620175248,-16.1667,49.7667,74.32,74.32,94,25,2.59
bulawayo,ZW,1620175249,-20.15,28.5833,50.58,50.58,68,0,5.59
russell,US,1620175249,32.3502,-85.1999,68.95,73.4,73,1,3.44
tigil,RU,1620175250,57.8,158.6667,40.68,40.68,50,5,7.81
nalut,LY,1620175251,30.3333,10.85,76.82,76.82,25,97,14.9
byron bay,AU,1620175252,-28.65,153.6167,59.14,62.6,82,99,12.66
meulaboh,ID,1620175253,4.1363,96.1285,78.21,78.21,88,100,5.82
seoul,KR,1620174972,37.5683,126.9778,57.18,59.0,71,40,14.97
borovskoy,KZ,1620175254,53.8,64.15,59.43,59.43,52,100,8.12
catuday,PH,1620175254,16.2923,119.8062,85.91,85.91,62,93,8.41
poso,ID,1620175255,-1.3959,120.7524,85.32,85.32,63,77,0.87
sibolga,ID,1620175256,1.7427,98.7792,78.17,78.17,89,100,1.83
kieta,PG,1620175257,-6.2167,155.6333,83.17,83.17,77,54,3.94
gwadar,PK,1620175257,25.1216,62.3254,80.82,80.82,67,8,7.96
geraldton,AU,1620175258,-28.7667,114.6,64.4,64.4,77,40,11.5
te anau,NZ,1620175259,-45.4167,167.7167,56.57,56.57,55,67,6.31
henties bay,NA,1620175259,-22.116,14.2845,62.01,62.01,88,95,1.01
port hueneme,US,1620175260,34.1478,-119.1951,67.87,73.4,68,1,12.66
port hardy,CA,1620175261,50.6996,-127.4199,50.41,51.8,76,75,10.36
pingliang,CN,1620175261,35.5392,106.6861,55.98,55.98,32,0,4.99
chihuahua,MX,1620175082,28.5,-106.0,80.6,80.6,13,1,6.91
brownsburg,US,1620175159,39.8434,-86.3978,54.81,57.2,82,90,11.5
poum,NC,1620174806,-20.2333,164.0167,77.16,77.16,74,16,3.62
mae chan,TH,1620175211,20.1467,99.8526,69.8,69.8,100,20,4.61
maha sarakham,TH,1620175264,16.3333,103.6667,84.52,86.0,74,0,3.44
dawson creek,CA,1620175265,55.7666,-120.2362,60.8,60.8,29,20,11.5
nurota,UZ,1620175266,40.5614,65.6886,69.8,69.8,56,100,9.22
porto tolle,IT,1620175266,44.9497,12.3245,53.02,54.0,80,74,3.0
quime,BO,1620175267,-16.9833,-67.2167,47.95,47.95,90,77,2.84
payo,ID,1620175268,-3.7508,103.6372,77.95,77.95,90,39,0.6
tucuman,AR,1620175214,-26.8241,-65.2226,50.0,50.0,93,90,6.91
yumen,CN,1620175269,40.2833,97.2,58.37,58.37,6,0,17.96
ovalle,CL,1620175076,-30.5983,-71.2003,62.31,62.31,59,0,2.08
adrar,MR,1620175270,20.5022,-10.0711,80.44,80.44,23,78,14.41
lenger,KZ,1620175271,42.183,69.8839,64.4,64.4,59,0,2.24
damghan,IR,1620175155,36.1683,54.348,58.14,58.14,74,64,1.63
simao,CN,1620175272,22.7886,100.9748,76.08,76.08,50,1,2.06
progreso,MX,1620175273,21.2833,-89.6667,95.9,96.8,41,40,11.5
rocha,UY,1620175273,-34.4833,-54.3333,56.82,56.82,62,100,10.78
yerbogachen,RU,1620175274,61.2767,108.0108,36.41,36.41,98,100,7.16
miri,MY,1620175093,4.4148,114.0089,82.2,82.4,83,20,1.14
ilo,PE,1620175275,-17.6394,-71.3375,67.75,67.75,80,100,8.55
caohai,CN,1620175276,26.8661,104.2841,49.71,49.71,94,100,3.58
verkhnevilyuysk,RU,1620175277,63.4453,120.3167,43.45,43.45,82,91,5.46
calbuco,CL,1620175277,-41.768,-73.1273,42.8,42.8,93,0,3.44
barkly west,ZA,1620175278,-28.5354,24.5215,48.2,48.2,81,0,5.75
sioux lookout,CA,1620175279,50.1001,-91.917,41.0,41.0,70,75,8.05
kupang,ID,1620175279,-10.1667,123.5833,83.39,83.39,67,5,12.95
rafai,CF,1620175280,4.95,23.9167,68.38,68.38,96,100,0.72
tual,ID,1620175158,-5.6667,132.75,83.84,83.84,75,97,21.05
portland,US,1620174758,45.5234,-122.6762,67.37,70.0,30,20,8.05
sorland,NO,1620175282,67.667,12.6934,40.48,40.48,69,100,13.47
pointe michel,DM,1620175282,15.25,-61.3833,78.96,78.96,75,100,15.26
salinas,US,1620175283,36.6777,-121.6555,63.12,68.0,49,1,10.36
fuling,CN,1620175284,29.7022,107.3919,62.83,62.83,89,100,2.15
novopskov,UA,1620175284,49.5464,39.0899,39.96,39.96,84,3,5.88
san francisco del mar,MX,1620175285,16.2333,-94.65,83.66,83.66,70,100,12.44
sao miguel do araguaia,BR,1620175141,-13.275,-50.1628,73.89,73.89,60,100,3.06
riyadh,SA,1620175198,24.6877,46.7219,75.0,77.0,20,0,4.61
sangar,RU,1620175286,63.9242,127.4739,42.96,42.96,69,100,2.17
longonjo,AO,1620175287,-12.9067,15.2533,62.13,62.13,89,64,2.01
ukiah,US,1620175287,39.1502,-123.2078,77.02,82.4,24,1,9.22
acarau,BR,1620175149,-2.8856,-40.12,75.94,75.94,88,100,3.91
toyooka,JP,1620175289,35.5333,134.8333,62.6,62.6,88,75,17.27
rio claro,BR,1620175289,-22.4114,-47.5614,65.8,69.01,82,0,2.3
liverpool,GB,1620175266,53.4106,-2.9779,42.42,44.6,93,40,4.61
lauterbach,DE,1620175291,50.6333,9.4,40.98,44.01,89,5,12.01
tokat,TR,1620175291,40.4167,36.5833,39.87,39.87,95,93,4.81
la vergne,US,1620175292,36.0156,-86.5819,67.26,69.8,94,90,11.5
waipawa,NZ,1620175293,-41.4122,175.5153,65.01,66.2,68,0,20.71
bathsheba,BB,1620175293,13.2167,-59.5167,80.6,80.6,61,20,16.11
north battleford,CA,1620175294,52.7834,-108.2847,55.4,55.4,15,1,4.61
zalesovo,RU,1620175295,53.9939,84.7431,42.91,42.91,60,14,5.93
beyneu,KZ,1620175295,45.3167,55.2,66.2,66.2,27,0,10.4
korla,CN,1620175151,41.7597,86.1469,65.5,65.5,22,0,3.22
barra do garcas,BR,1620175259,-15.89,-52.2567,69.57,69.57,52,6,3.33
west bay,KY,1620175297,19.3667,-81.4167,82.13,82.4,74,20,9.22
flinders,AU,1620175298,-34.5833,150.8552,62.01,62.01,95,100,1.99
catia la mar,VE,1620175298,10.6038,-67.0303,77.29,82.4,83,75,5.75
piacabucu,BR,1620175299,-10.4056,-36.4344,76.06,76.06,85,95,5.03
rohru,IN,1620175300,31.2167,77.75,57.61,57.61,74,100,3.6
sayat,TM,1620175300,38.7839,63.8803,68.0,68.0,32,0,6.91
severo-yeniseyskiy,RU,1620175301,60.3725,93.0408,29.68,29.68,85,20,9.37
umm lajj,SA,1620175302,25.0213,37.2685,85.55,85.55,33,0,5.61
pahasu,IN,1620175303,28.1833,78.05,83.21,83.21,43,58,7.49
sechura,PE,1620175303,-5.5569,-80.8222,71.46,71.46,71,96,15.66
lagoa,PT,1620175304,39.05,-27.9833,62.15,62.15,90,94,11.99
peace river,CA,1620175304,56.2501,-117.286,48.2,48.2,66,90,4.61
boende,CD,1620175305,-0.2167,20.8667,70.9,70.9,98,100,0.4
viramgam,IN,1620175306,23.1225,72.0484,84.2,84.2,58,0,4.61
alekseyevsk,RU,1620175307,57.8406,108.3492,38.23,38.23,98,100,5.61
thurso,GB,1620175307,58.5927,-3.5259,39.2,39.2,81,20,16.11
hobyo,SO,1620175308,5.3505,48.5268,83.17,83.17,76,100,9.86
winona,US,1620175309,43.9666,-91.7668,55.4,55.4,44,40,9.22
atambua,ID,1620175310,-9.1061,124.8925,80.62,80.62,67,55,4.88
araouane,ML,1620175310,18.9048,-3.5265,89.47,89.47,13,10,6.51
shetpe,KZ,1620175311,44.1667,52.1167,59.52,59.52,74,45,8.43
sterlibashevo,RU,1620175311,53.4376,55.2578,52.84,52.84,60,100,6.4
saurimo,AO,1620175312,-9.6608,20.3916,68.65,68.65,79,100,3.24
muroto,JP,1620175313,33.2833,134.15,64.4,64.4,94,75,17.27
broome,US,1620175314,42.2506,-75.833,66.7,69.8,73,75,8.05
santa rosa,PH,1620174788,14.3122,121.1114,89.51,90.0,58,20,6.91
damavand,IR,1620175315,35.7178,52.065,62.22,62.6,59,0,4.61
saint-vallier,FR,1620175315,46.6411,4.3711,53.8,55.4,76,90,12.66
podgorodnyaya pokrovka,RU,1620175316,51.8281,54.9874,46.4,46.4,66,0,4.47
markova,UA,1620175317,48.6758,24.4138,39.09,39.09,81,6,6.53
bembereke,BJ,1620175317,10.2283,2.6634,77.92,77.92,62,100,8.39
evensk,RU,1620175318,61.95,159.2333,26.56,26.56,64,9,8.3
kulhudhuffushi,MV,1620175319,6.6221,73.07,84.43,84.43,70,100,4.03
asyut,EG,1620175023,27.181,31.1837,82.4,82.4,28,0,10.36
necochea,AR,1620175320,-38.5473,-58.7368,50.0,50.0,61,100,1.99
hamilton,US,1620175302,39.1834,-84.5333,59.05,61.0,88,90,11.5
dzhebariki-khaya,RU,1620175321,62.2167,135.8,45.97,45.97,63,100,6.53
mansehra,PK,1620175322,34.3333,73.2,62.51,62.51,68,99,5.73
katobu,ID,1620175322,-4.9408,122.5276,79.14,79.14,88,100,4.83
omsukchan,RU,1620175323,62.5333,155.8,27.61,27.61,78,97,2.42
labuhan,ID,1620175324,-6.8844,112.2051,82.63,82.63,75,93,8.61
segesd,HU,1620175324,46.3414,17.3513,51.8,51.8,71,0,6.91
corn island,NI,1620175325,12.1694,-83.0418,81.59,81.59,76,57,11.63
puerto cabezas,NI,1620175326,14.0351,-83.3888,78.73,78.73,81,17,9.31
sept-iles,CA,1620175326,50.2001,-66.3821,44.37,44.6,57,75,3.44
ust-tsilma,RU,1620175327,65.441,52.1498,30.45,30.45,80,100,9.91
rajapur,IN,1620175327,25.3833,81.15,86.9,86.9,37,61,7.14
nyurba,RU,1620175328,63.2842,118.3319,44.87,44.87,78,88,5.44
teya,RU,1620175329,60.3778,92.6267,33.6,33.6,85,12,8.08
banda aceh,ID,1620175330,5.5577,95.3222,82.72,82.72,73,100,5.93
moron,AR,1620175331,-34.6534,-58.6198,55.31,57.0,78,100,7.63
bemidji,US,1620175331,47.4736,-94.8803,48.58,48.99,37,1,9.22
kuusamo,FI,1620175332,65.9667,29.1833,26.6,26.6,59,0,4.61
puerto escondido,MX,1620175333,15.85,-97.0667,82.4,82.4,74,40,3.44
galle,LK,1620175334,6.0367,80.217,78.33,78.33,86,100,5.35
kaeo,NZ,1620175335,-35.1,173.7833,66.99,66.99,60,99,3.0
zhoukou,CN,1620175335,33.6333,114.6333,66.04,66.04,28,100,4.14
eyemouth,GB,1620175336,55.8713,-2.0901,36.0,37.0,87,86,1.01
huarmey,PE,1620175337,-10.0681,-78.1522,68.58,68.58,83,70,11.27
christchurch,NZ,1620175260,-43.5333,172.6333,66.79,68.0,56,5,6.91
ndende,GA,1620175338,-2.4008,11.3581,73.42,73.42,98,100,1.83
espanola,US,1620175339,35.9911,-106.0806,65.68,69.01,20,40,9.22
chokwe,MZ,1620175340,-24.5333,32.9833,60.13,60.13,83,0,1.68
cukai,MY,1620175340,4.25,103.4167,78.8,78.8,89,20,1.14
shache,CN,1620175341,38.4167,77.2406,62.35,62.35,21,92,4.16
uyemskiy,RU,1620175342,64.4743,40.8524,32.0,32.0,69,40,8.95
bogorodskoye,RU,1620175342,56.55,37.8833,34.9,34.9,95,100,13.24
ibra,OM,1620175343,22.6906,58.5334,74.46,74.46,78,0,2.46
hermiston,US,1620175147,45.8404,-119.2895,74.1,75.0,23,1,5.75
san vicente,AR,1620175344,-26.6167,-54.1333,66.7,66.7,61,100,1.25
santa ines,BR,1620175345,-3.6667,-45.38,73.04,73.04,95,100,3.36
caruray,PH,1620175345,10.3094,119.0128,86.0,86.0,79,20,11.5
cravo norte,CO,1620175346,6.3017,-70.2041,74.37,74.37,90,100,5.28
okhotsk,RU,1620175347,59.3833,143.3,38.62,38.62,75,100,6.35
batalha,BR,1620175348,-9.6778,-37.1247,72.14,72.14,93,6,3.47
kitami,JP,1620175349,43.8031,143.8908,51.8,51.8,62,75,13.8
vestmanna,FO,1620175349,62.1564,-7.1664,33.8,33.8,93,75,23.02
ilulissat,GL,1620175350,69.2167,-51.1,37.4,37.4,60,0,5.55
turayf,SA,1620175351,31.6725,38.6637,71.6,71.6,33,0,10.36
wasco,US,1620175351,35.5941,-119.341,90.14,91.4,16,1,13.8
dragor,DK,1620175352,55.5946,12.6664,44.58,45.0,93,90,16.11
vangaindrano,MG,1620175352,-23.35,47.6,61.75,61.75,85,0,4.45
tendo,JP,1620175353,38.3536,140.3697,59.0,59.0,67,0,1.14
cap malheureux,MU,1620175354,-19.9842,57.6142,75.99,75.99,88,21,1.99
olinda,BR,1620175345,-8.0089,-34.8553,73.4,73.4,88,75,3.44
ciudad guayana,VE,1620175355,8.3533,-62.6528,74.1,74.1,92,100,4.36
healdsburg,US,1620175116,38.6105,-122.8692,82.27,87.01,26,1,11.5
hailakandi,IN,1620175356,24.6833,92.5667,72.12,72.12,89,100,6.2
guanambi,BR,1620175356,-14.2233,-42.7814,72.9,72.9,62,1,11.99
voh,NC,1620175357,-20.9667,164.7,82.74,82.74,60,3,3.18
carutapera,BR,1620175358,-1.195,-46.02,74.86,74.86,93,100,6.17
bonito,BR,1620175358,-21.1211,-56.4819,77.94,77.94,43,76,2.1
torrijos,ES,1620175359,39.9819,-4.2835,56.46,61.0,62,0,5.75
kurchum,KZ,1620175360,48.5722,83.6542,55.51,55.51,42,0,5.53
patu,BR,1620175361,-6.11,-37.6367,73.49,73.49,89,87,1.07
forestville,US,1620175361,38.8451,-76.875,65.98,68.0,94,1,4.61
saldanha,ZA,1620175362,-33.0117,17.9442,57.2,57.2,88,100,9.22
bismarck,US,1620175324,46.8083,-100.7837,58.86,60.8,25,1,8.05
mwinilunga,ZM,1620175363,-11.7358,24.4293,63.54,63.54,79,100,3.51
hay river,CA,1620175364,60.8156,-115.7999,44.6,44.6,45,34,6.91
kamien pomorski,PL,1620175365,53.9685,14.7726,45.23,46.99,81,20,8.05
silver city,US,1620175136,32.7701,-108.2803,70.56,73.4,16,1,11.5
makinsk,KZ,1620175366,52.6292,70.4169,51.3,51.3,58,100,6.49
shahrud,IR,1620175367,36.4182,54.9763,54.16,54.16,85,83,0.54
helena,US,1620175170,46.5927,-112.0361,60.15,61.0,29,90,16.11
winnipeg,CA,1620175242,49.8844,-97.147,48.09,48.2,25,4,5.75
grand gaube,MU,1620175369,-20.0064,57.6608,75.99,75.99,88,18,1.99
deer lake,CA,1620175369,49.1667,-57.4316,41.0,41.0,75,1,5.75
benjamin aceval,PY,1620175370,-24.9667,-57.5667,73.2,73.4,94,90,3.44
san isidro,PE,1620175371,-12.1167,-77.05,64.83,64.99,88,75,16.11
qarqin,AF,1620175371,37.4185,66.0436,72.18,72.18,29,100,2.62
laguna,US,1620175372,38.421,-121.4238,90.43,91.4,15,1,4.61
pearland,US,1620175217,29.5636,-95.286,79.05,80.6,61,75,18.41
griffith,US,1620175373,41.5284,-87.4237,49.75,51.01,76,90,5.75
hualmay,PE,1620175374,-11.0964,-77.6139,67.48,67.48,84,99,12.19
ahipara,NZ,1620175374,-35.1667,173.1667,64.81,64.81,48,79,1.66
maniitsoq,GL,1620175376,65.4167,-52.9,33.57,33.57,79,13,14.85
olga,RU,1620175376,43.7444,135.2892,44.02,44.02,99,100,4.05
sitka,US,1620175377,57.0531,-135.33,46.4,46.4,71,75,2.8
paita,PE,1620175261,-5.0892,-81.1144,69.93,69.93,81,67,15.21
oktyabrskiy,RU,1620175378,54.4815,53.471,51.21,51.21,86,100,9.98
guiratinga,BR,1620175379,-16.3494,-53.7583,68.4,68.4,43,7,4.05
vicuna,CL,1620175379,-30.0319,-70.7081,53.01,53.01,67,0,1.88
sinazongwe,ZM,1620175380,-17.2614,27.4618,64.6,64.6,62,0,1.83
puerto rico,AR,1620175381,-26.796,-55.024,69.94,69.94,69,100,2.59
dera bugti,PK,1620175381,29.0307,69.151,82.51,82.51,26,35,0.78
lazaro cardenas,MX,1620175382,17.9583,-102.2,79.3,79.3,52,0,8.28
auriflama,BR,1620175383,-20.6856,-50.5547,68.0,68.0,29,0,3.69
pokhara,NP,1620175109,28.2333,83.9833,66.27,66.27,84,100,2.08
florianopolis,BR,1620175259,-27.6146,-48.5012,73.4,73.4,88,0,4.61
lodja,CD,1620175333,-3.4833,23.4333,69.26,69.26,94,100,1.19
champerico,GT,1620175385,14.3,-91.9167,70.25,73.4,94,90,6.91
rantauprapat,ID,1620175386,2.1,99.8333,77.32,77.32,91,96,1.66
lieto,FI,1620175387,60.5103,22.4618,36.46,37.4,70,0,9.22
rio de janeiro,BR,1620175197,-22.9028,-43.2075,74.28,75.2,88,0,2.3
youkounkoun,GN,1620175388,12.5333,-13.1333,81.97,81.97,47,83,10.94
majene,ID,1620175388,-3.5403,118.9707,81.09,81.09,82,95,6.98
raudeberg,NO,1620175389,61.9875,5.1352,39.99,39.99,87,100,13.78
gustavo diaz ordaz,MX,1620175390,26.2333,-98.5833,85.42,87.8,58,1,19.57
satara,IN,1620175390,17.6833,73.9833,75.69,75.69,70,5,1.81
mechanicsville,US,1620175391,37.6088,-77.3733,69.64,72.0,94,20,5.57
paamiut,GL,1620175392,61.994,-49.6678,39.52,39.52,62,98,7.02
sistranda,NO,1620175392,63.7256,8.834,42.8,42.8,49,0,18.41
port lincoln,AU,1620175393,-34.7333,135.8667,60.42,60.42,60,100,12.88
namibe,AO,1620175394,-15.1961,12.1522,74.73,74.73,77,15,5.17
imbituba,BR,1620175395,-28.24,-48.6703,73.4,73.4,88,0,4.61
the valley,AI,1620175395,18.217,-63.0578,79.52,80.6,69,40,12.66
luebo,CD,1620175396,-5.35,21.4167,69.75,69.75,97,95,0.98
puerto penasco,MX,1620175397,31.3167,-113.5333,75.0,75.0,68,5,5.01
dhidhdhoo,MV,1620175397,6.8833,73.1,84.58,84.58,71,100,4.45
japura,ID,1620175398,-0.3167,102.35,77.45,77.45,92,100,1.41
ojinaga,MX,1620175398,29.5667,-104.4167,81.79,82.4,18,1,3.87
vadinsk,RU,1620175399,53.6916,43.0574,37.69,37.69,83,13,13.82
vaitape,PF,1620175400,-16.5167,-151.75,82.6,82.6,76,28,13.69
kahului,US,1620175401,20.8947,-156.47,74.84,82.4,61,20,21.85
yarada,IN,1620175401,17.65,83.2667,78.8,78.8,94,40,3.44
port shepstone,ZA,1620175402,-30.7414,30.455,64.04,64.04,74,0,6.96
ancud,CL,1620175403,-41.8697,-73.8203,45.27,46.0,87,0,10.36
aloleng,PH,1620175404,16.1307,119.7824,89.13,89.13,57,69,5.84
college,US,1620175404,64.8569,-147.8028,56.19,59.0,31,75,8.05
zilupe,LV,1620175405,56.3862,28.1217,37.74,37.74,90,99,6.51
batemans bay,AU,1620175405,-35.7167,150.1833,62.6,64.99,65,100,12.44
taldan,RU,1620175406,53.6667,124.8,34.25,34.25,98,100,6.8
manchenky,UA,1620175407,49.9798,35.8583,41.0,41.0,65,0,2.24
fortuna,US,1620175408,40.5982,-124.1573,57.94,62.01,88,1,16.11
gobabis,NA,1620175408,-22.45,18.9667,55.83,55.83,46,0,10.36
talitsy,RU,1620175409,56.5289,42.3344,36.09,36.09,91,100,11.05
kota belud,MY,1620175410,6.351,116.4305,85.19,86.0,74,20,4.61
zambezi,ZM,1620175410,-13.5432,23.1047,67.03,67.03,66,100,4.45
pacific grove,US,1620175362,36.6177,-121.9166,58.32,59.0,83,31,7.85
samarai,PG,1620175412,-10.6167,150.6667,82.24,82.24,72,16,12.08
lompoc,US,1620175412,34.6391,-120.4579,66.87,72.0,59,2,12.66
mercedes,AR,1620175413,-34.6515,-59.4307,51.66,52.0,78,100,1.99
santander de quilichao,CO,1620175414,3.0095,-76.4849,75.2,75.2,64,40,8.05
